{
    "PT_batch1": {
        "mAP50-95": 0.6463402221169543,
        "mAP50": 0.8697259016213206,
        "std_mAP50-95": 0.0,
        "std_mAP50": 0.0,
        "all_mAP50-95": [
            0.6463402221169543,
            0.6463402221169543,
            0.6463402221169543,
            0.6463402221169543,
            0.6463402221169543
        ],
        "all_mAP50": [
            0.8697259016213206,
            0.8697259016213206,
            0.8697259016213206,
            0.8697259016213206,
            0.8697259016213206
        ],
        "avg_inference_time": 60.1801257610321,
        "std_inference_time": 4.537747410502587,
        "min_inference_time": 53.36214637756348,
        "max_inference_time": 66.85797595977783,
        "all_inference_times": [
            66.85797595977783,
            57.78956866264343,
            53.36214637756348,
            60.22885847091675,
            62.66207933425903
        ],
        "model_load_vram_MB": [
            248.087890625,
            324.3359375,
            324.3359375,
            324.3359375,
            324.3359375
        ]
    },
    "PT_batch2": {
        "mAP50-95": 0.6462617742110844,
        "mAP50": 0.8696690396655935,
        "std_mAP50-95": 0.0,
        "std_mAP50": 0.0,
        "all_mAP50-95": [
            0.6462617742110844,
            0.6462617742110844,
            0.6462617742110844,
            0.6462617742110844,
            0.6462617742110844
        ],
        "all_mAP50": [
            0.8696690396655935,
            0.8696690396655935,
            0.8696690396655935,
            0.8696690396655935,
            0.8696690396655935
        ],
        "avg_inference_time": 49.25504546165466,
        "std_inference_time": 1.05138565504827,
        "min_inference_time": 47.57361650466919,
        "max_inference_time": 50.77431893348694,
        "all_inference_times": [
            48.8530592918396,
            49.72545504570007,
            47.57361650466919,
            49.348777532577515,
            50.77431893348694
        ],
        "model_load_vram_MB": [
            394.564453125,
            394.564453125,
            394.564453125,
            394.564453125,
            394.564453125
        ]
    },
    "PT_batch4": {
        "mAP50-95": 0.6461651268837013,
        "mAP50": 0.86984369100232,
        "std_mAP50-95": 0.0,
        "std_mAP50": 0.0,
        "all_mAP50-95": [
            0.6461651268837013,
            0.6461651268837013,
            0.6461651268837013,
            0.6461651268837013,
            0.6461651268837013
        ],
        "all_mAP50": [
            0.86984369100232,
            0.86984369100232,
            0.86984369100232,
            0.86984369100232,
            0.86984369100232
        ],
        "avg_inference_time": 47.32343125343323,
        "std_inference_time": 1.0858082445379564,
        "min_inference_time": 46.03993797302246,
        "max_inference_time": 49.025774002075195,
        "all_inference_times": [
            46.37196707725525,
            49.025774002075195,
            46.03993797302246,
            46.97205805778503,
            48.22741985080719
        ],
        "model_load_vram_MB": [
            394.5703125,
            394.5703125,
            394.5703125,
            394.5703125,
            394.5703125
        ]
    },
    "INT8_batch1": {
        "mAP50-95": 0.611240566628461,
        "mAP50": 0.844066777325562,
        "std_mAP50-95": 0.0,
        "std_mAP50": 0.0,
        "all_mAP50-95": [
            0.611240566628461,
            0.611240566628461,
            0.611240566628461,
            0.611240566628461,
            0.611240566628461
        ],
        "all_mAP50": [
            0.844066777325562,
            0.844066777325562,
            0.844066777325562,
            0.844066777325562,
            0.844066777325562
        ],
        "avg_inference_time": 37.47473239898682,
        "std_inference_time": 0.17384193576764885,
        "min_inference_time": 37.31610417366028,
        "max_inference_time": 37.72818398475647,
        "all_inference_times": [
            37.31610417366028,
            37.72818398475647,
            37.35522794723511,
            37.504499554634094,
            37.46964633464813
        ],
        "model_load_vram_MB": [
            220.71875,
            220.71875,
            220.71875,
            220.71875,
            220.71875
        ]
    },
    "INT8_batch2": {
        "mAP50-95": 0.6111991844308903,
        "mAP50": 0.8440107166022024,
        "std_mAP50-95": 0.0,
        "std_mAP50": 0.0,
        "all_mAP50-95": [
            0.6111991844308903,
            0.6111991844308903,
            0.6111991844308903,
            0.6111991844308903,
            0.6111991844308903
        ],
        "all_mAP50": [
            0.8440107166022024,
            0.8440107166022024,
            0.8440107166022024,
            0.8440107166022024,
            0.8440107166022024
        ],
        "avg_inference_time": 29.736661195755005,
        "std_inference_time": 0.19272839068911563,
        "min_inference_time": 29.496059417724615,
        "max_inference_time": 29.959187030792235,
        "all_inference_times": [
            29.496059417724615,
            29.959187030792235,
            29.89064073562622,
            29.796859503746035,
            29.54056787490845
        ],
        "model_load_vram_MB": [
            220.71875,
            220.71875,
            220.71875,
            220.71875,
            220.71875
        ]
    },
    "INT8_batch4": {
        "mAP50-95": 0.6111378941603252,
        "mAP50": 0.8439305573359362,
        "std_mAP50-95": 0.0,
        "std_mAP50": 0.0,
        "all_mAP50-95": [
            0.6111378941603252,
            0.6111378941603252,
            0.6111378941603252,
            0.6111378941603252,
            0.6111378941603252
        ],
        "all_mAP50": [
            0.8439305573359362,
            0.8439305573359362,
            0.8439305573359362,
            0.8439305573359362,
            0.8439305573359362
        ],
        "avg_inference_time": 27.901050806045532,
        "std_inference_time": 0.15489517264444422,
        "min_inference_time": 27.7225043773651,
        "max_inference_time": 28.13669204711914,
        "all_inference_times": [
            27.858996629714966,
            27.7225043773651,
            27.926464796066284,
            27.851097583770752,
            28.13669204711914
        ],
        "model_load_vram_MB": [
            220.7265625,
            220.7265625,
            220.7265625,
            220.7265625,
            220.7265625
        ]
    },
    "FP16_batch1": {
        "mAP50-95": 0.6463402221169543,
        "mAP50": 0.8697259016213206,
        "std_mAP50-95": 0.0,
        "std_mAP50": 0.0,
        "all_mAP50-95": [
            0.6463402221169543,
            0.6463402221169543,
            0.6463402221169543,
            0.6463402221169543,
            0.6463402221169543
        ],
        "all_mAP50": [
            0.8697259016213206,
            0.8697259016213206,
            0.8697259016213206,
            0.8697259016213206,
            0.8697259016213206
        ],
        "avg_inference_time": 40.19839549064636,
        "std_inference_time": 2.0376290594662734,
        "min_inference_time": 38.110232353210444,
        "max_inference_time": 43.51282811164856,
        "all_inference_times": [
            40.73051047325134,
            38.110232353210444,
            43.51282811164856,
            38.994855880737305,
            39.63454866409302
        ],
        "model_load_vram_MB": [
            273.5859375,
            273.5859375,
            273.5859375,
            273.5859375,
            273.5859375
        ]
    },
    "FP16_batch2": {
        "mAP50-95": 0.6462617742110844,
        "mAP50": 0.8696690396655935,
        "std_mAP50-95": 0.0,
        "std_mAP50": 0.0,